카테고리,검색어,제목,상태,가격,지역,등록시각,채팅수,관심수,조회수,매너온도,판매자닉네임,상세카테고리,거래희망장소,상세설명
분유포트,브레짜 분유포트,새상품 베이비브레짜 젖병세척기 Pro 화이트 +추빨대키트2개+세제120정 팝니다 구로,거래완료,"310,000원",고척동,2026-07-31,2,17,411,45.5℃,중고거래,유아동,직거래는 고척아이파크몰 앞에서 가능합니다,"베이비브레짜 젖병세척기 Pro 새상품이에요
젖병 세척부터 건조까지 한 번에 해결해줘요

26년 1월에 구매 후 정품등록까지 완료한 상태입니다
단순 개봉한 상태로 사용하지 않아 판매합니다
포토구매후기는 아직 안했습니다

화이트 색상이라 유팡, 분유포트랑 같이 맘마존 화이트로 깔맞춤 가능해요 깔끔하고 예뻐요
(참고로 화이트가 블랙보다 2만원 더 비쌈)

구매 시
35,000원 정품 세제 120정이랑
17,800원 추빨대키트 2개도 함께 드립니다

구매하신 분 중 원하신다면 공홈에서 구매한 세제와 헤파필터도 저렴하게 팔 예정입니다

직거래는 고척아이파크몰 앞에서 가능합니다"
분유포트,브레짜 분유포트,보르르 분유포트 상태 최상 (25.7제조) 영등포 양평동5가,거래완료,"30,000원",,2026-06-01,4,3,56,57.4℃,미니먼,유아동,선유도역 인근 양평한신아파트에서 *문고리 거래*합니다.,"보르르 분유포트
2025년 7월 제조, 8월 공홈에서 9.5만원에 직접 구매한 상품입니다 (스샷 참조)
브레짜도 써봤는데 위생적으로는 이런 단순한 분유포트가 최고더라구요.

열심히 세척하고 구연산 소독까지 해두었습니다.
친정에 두고 낮에만 한두번 써서 정말 깨끗해요.
가열판, 포트 내부 미네랄 물때 하나도 없습니다.

박스랑 차거름망은 없습니다.

선유도역 인근 양평한신아파트에서 *문고리 거래*합니다.
에누리, 환불, 택배 문의 X"
분유포트,브레짜 분유포트,베이비 브레짜 젖병소독기 문래동6가,거래완료,"20,000원",,2026-05-02,1,3,96,43.5℃,사랑방선물,유아동,교환/환불은 어렵고 문고리 거래 희망합니다.,"베이비 브레짜 젖병 소독기 판매합니다 🍼
구입은 새제품으로 24년도에 했지만 사용횟수가 적어 전체적으로 깨끗한 편이고, 스팀 소독 + 건조 기능 모두 잘 작동됩니다.
분유포트 전용 세척 클리너로 깨끗하게 세척해 보관해두었고 바로 사용 가능해요.

✔ 작동 이상 없음
✔ 세척 완료
✔ 바로 사용 가능
✔ 젖병 / 쪽쪽이 / 치발기 소독 가능

📌젖병 지지대 총 6개이고 집게도 있습니다.

중고 특성상 예민하신 분은 피해주세요.
교환/환불은 어렵고 문고리 거래 희망합니다."
분유포트,브레짜 분유포트,[미개봉]베이비 브레짜 분유제조기 출수형 분유포트 화이트,거래완료,"240,000원",화곡동,2026-05-02,1,2,30,37.6℃,딩동,유아동,,"26년 4월에 선물받았습니다.
같은걸 두개받아서 한개는 판매합니다.
택배박스도 안뜯은 새제품입니다.
"
분유포트,브레짜 분유포트,베이비브레짜 젖병 살균건조기,거래완료,"190,000원",신길동,2025-12-03,1,1,222,,,,,
분유포트,브레짜 분유포트,아이닉 분유포트(출수형 주전자형 모두 가능) IEK01 박스있음 영등포,거래완료,"85,000원",도림동,2025-12-03,1,1,55,,,,,
분유포트,브레짜 분유포트,보르르 Boleuleu 분유포트,거래완료,"40,000원",신길제3동,2025-12-03,6,1,69,,,,,
분유포트,브레짜 분유포트,베이비브레짜 분유제조기 나눔 강서,나눔완료,무료나눔,등촌제2동,2025-12-03,1,0,90,42.3℃,과니,유아동,육아중이라 문고리거래 선호합니다.(등촌주공8단지아파트),"베이비브레짜 Formula Pro Advanced 분유제조기입니다
- 자동 분유 제조 기능으로 빠르고 편리하게 분유를 만들 수 있습니다
- 항상 일정한 농도로 분유를 제조해줍니다
- 밤중 수유 시 특히 유용합니다

당근에서 2만원정도 주고 구입했는데 한번도 쓰지않았네요 

전원들어오는거 확인하고, 사용하려고 닦기만하고 결국

사용 안했습니다. 와이프가 그냥 포트에 물넣고 만드는게 좋다고

해서요. 

깔데기는 2개고 박스채로 사진에보이는 구성 다있습니다.

이번주내에 나눔안되면 폐기할꺼라 가져가실분은 챗주세요!

육아중이라 문고리거래 선호합니다.(등촌주공8단지아파트)"
분유포트,브레짜 분유포트,베이비브레짜 분유포트(박스있어요) 강서,거래완료,"28,000원",염창동,2025-08-30,1,3,315,67℃,딩동댕동,유아동,문고리거래가능,"정품구매후 인증하고 사용했어요
재당근 아닙니당

깔대기1개
상태좋아요

문고리거래가능"
분유포트,브레짜 분유포트,꿈비 분유쉐이커 (24.03제조),거래완료,"20,000원",신길제5동,2025-11-03,4,0,104,67.4℃,체새봄,유아동,문고리 거래 합니다.,"직접 새상품 구매해서 당근 보낼 생각으로 깨끗하게 사용했습니다.

릴리브 분유포트(당근 올려놓음) 조합으로
출산 후 손목 무리없이, 분유 꿈비에 돌려놓고 아기 케어하면서 너무 잘썼고
조동들도 너무 좋다고 다 저 따라 샀었네요~

정말.. 브레짜보다 분유포트+쉐이커 조합이 설거지 거리도 안나오고 분유탈락도 없고 고장없이 최고인것 같아요!!

문고리 거래 합니다.

➡️ 24년생 아기 용품, 장난감, 옷 정리하고 있으니 구경해보세요~"
분유포트,브레짜 분유포트,poled 폴레드 분유포트,거래완료,"17,000원",신정1동,2025-08-30,0,1,143,43.9℃,듀듀,생활가전,,"poled 분유포트입니다

손분유로 잘 녹지 않는 분유를 먹이고 있어,
고민하다 브레짜를 구입하여 판매합니다.

출수량이 딱 10ml 많게 나오기때문에
원하시는 양의 10ml 적게 선택하시면 딱 맞습니다"
분유포트,브레짜 분유포트,베이비 브레짜 분유제조기 출수형 분유포트 화이트,거래완료,"120,000원",여의동,2025-08-30,1,1,45,49.2℃,YONDU,유아동,문고리 거래만 가능합니다,"2024년 9월 선물 받아
혼합수유하다가 젖병 거부해서 거의 온수기로만 사용했습니다
버튼 까짐 있습니다 사진 확인 바랍니다
바로 사용 가능하도록 세척 및 건조 마쳤고
추가 깔때기 1개 및 사용설명서, 정품카드, 박스 함께 드립니다
문고리 거래만 가능합니다"
분유포트,브레짜 분유포트,베이비브레짜 분유포트 구로,거래완료,"20,000원",고척제1동,2025-08-30,2,5,706,,,,,
분유포트,브레짜 분유포트,"베이비브레짜 자동분유제조기(신품, 박스없음) 영등포동2가",거래완료,"130,000원",,2025-08-30,0,1,62,41.5℃,Mak,유아동,"당근페이 가능하고, 문고리 거래합니다.","베이비브레짜 자동분유제조기 신품입니다.
추가부품은 없는 점 참고 부탁드려요.

선물받고 공간이 없어 박스는 처분했는데, 릴리브 분유포트 쓰면서 안 쓸 것 같아 봉지채(...) 처분합니다.
매뉴얼은 박스와 같이 버린 것 같습니다.

- 모델명: Formula Pro Advanced BRZFRP-1A
- 제조일자 : 2023년 4월
- 정가는 35만원 상당입니다.

당근페이 가능하고, 문고리 거래합니다."
분유포트,브레짜 분유포트,베이비브레짜 분유포트 판매합니다~,거래완료,"80,000원",신정동,2025-08-30,1,6,174,42.5℃,주냐,유아동,,"23년 12월제조 상품
24년 5월에 브레짜 공홈에서 새상품 구매하여 한 아이사용 후 판매합니다~

추가 구매한 깔대기 2개, 분유통 1개
총 6만원 상당 부속품도 같이 드립니다"
분유포트,브레짜 분유포트,베이비브레짜 분유자동제조기&보르르 분유포트 일괄,거래완료,"65,000원",양평제1동,2025-08-30,2,1,67,,,,,
분유포트,브레짜 분유포트,베이비부스트 분유포트,거래완료,"40,000원",신도림동,2025-08-30,1,10,351,41.4℃,비터스윗,유아동,,"베이비 부스트 분유포트
제가 구매한 제품입니다(2022년 3월 구입)
삼다수만 끓였어요
깨끗하게 썼어요
젖병 놓은 다음 버튼 누르면 출수가 되서 손목에 무리가 없어요

교환 환불 불가
택배시 착불



-----
전기포트 보르르 분유 브레짜 전기주전자 커피포트
"
분유포트,브레짜 분유포트,베이비브레짜 분유포트,나눔완료,무료나눔,신정동,2025-08-30,7,1,170,,,,,
분유포트,브레짜 분유포트,베이비브레짜 분유포트,거래완료,"45,000원",신정4동,2025-08-30,1,2,112,54.8℃,재늬,유아동,,"베이비브레짜 이모님을 보냅니다:)

친언니가 사용하여 물려받아 사용하였어요.
받고나서 노즐새것 변경 및 세척 하여 사용하였기에
내부는 새것으로 사용할 수 있었어요 😄

겉면은 물 갈이할때 마다 항상 
소독티슈로 닦아 사용 하였어요.
기계는 사용하시면 아시다시피 관리를 어떻게 하냐에
따라 오래 사용할수 있어요.

구성품은 새것 그대로 박스+설명서+깔대기 2개 
있습니다.

빠른처분 원합니다 :) 연락주세요 

제조일 : 22년 8월"
분유포트,브레짜 분유포트,베이비 브레짜 분유포트,거래완료,"20,000원",화곡동,2025-08-30,3,4,527,,,,,
분유포트,브레짜 분유포트,릴리브 분유포트 최신형 딱한번 사용하고 판매해요…내년3월까지as가능 영등포동7가,거래완료,"70,000원",,2025-08-30,2,1,123,53.3℃,루루루이,유아동,육아중이라 아크로타워스퀘어 문고리만 가능합니다,"릴리브 분유포트입니다. 올2월초 출산하여 정품등록해서 내년3월까지 무상as가능한 제품입니다.
출산전 세척다해놓고있다가 출산후 한번쓰고 바로 브레짜를 들이게되어 처분합니다ㅠ
가셔서 식초로세척한번 하시고 바로사용하세요

육아중이라 아크로타워스퀘어 문고리만 가능합니다"
분유포트,브레짜 분유포트,베이비브레짜 분유포트,거래완료,"25,000원",신길제7동,2025-08-30,2,3,150,81.9℃,톤톤2,유아동,,"베이비브레짜 분유제조기 작년에 당근구입했어요
구입후 브레짜 세척서비스 있길래 한번 맡겼구요^^ 지금은 사용하지 않아 식초 세척뒀어요! 깔대기는 2개 입니다~

집에 아기가 있어 비대면으로 가져가실분 연락 주세요^^"
분유포트,브레짜 분유포트,쿠첸 분유포트 나눔 구로,나눔완료,무료나눔,고척동,2025-08-30,2,2,152,47.5℃,당무원,유아동,고척아이파크MD,"쿠첸 분유포트 나눕니다.
아이 초반에 쓰다가 브레짜 쓰게되면서 안쓰고 보관만 계속했습니다."
분유포트,브레짜 분유포트,베이비 브레짜 분유포트,거래완료,"15,000원",신도림동,2025-08-30,2,0,148,60.8℃,펭펭펭,유아동,부피상 신도림동 직거래합니다!,"베이비 브레짜 분유제조기예요~

출산전에 지인에게(한아이 사용) 물려받았는데
완모 아가라 저는 한번도 안썼어요!
(전원 작동만 확인했습니다😀)

깔대기 2개있고 설명서 박스까지 다 있습니다
젖병 받침대 까만색만 없습니다!

저렴하게 사용하실분에게 추천해요~

교환과 환불은 불가합니다☺️
부피상 신도림동 직거래합니다!"
분유포트,브레짜 분유포트,"베이비브레짜 분유 포트 제조기 (깔대기4개, 유모차쿠션 덤)",거래완료,"53,000원",화곡제6동,2025-08-30,2,0,95,99℃,migomi,유아동,"문고리 거래, 당근페이 합니다.😊","지이인짜 잘쓴 효자템입니다.
아기가 울때 바로 누르면 마음 졸이거나 분유 뭉치지 않고 빨리 분유탈 수 있어요.

저는 육아템으로 1등 주고 싶어요.
세척 1주일에 한번씩 했구요.
브레짜는 3번 내림 깔대기 교환해야되서 전 귀찮아서 깔대기 추가로 사서 사용했어요.!
지금 쿠팡서 보니 한개에 22,900원이네요~

상태 깨끗하고요.
문고리 거래, 당근페이 합니다.😊

✅️ 유모차 쿠션 2개 서비스로 드려요.
아기 머리 흔들리는거 신경쓰이는 분 계심 딱이에요.

"
분유포트,브레짜 분유포트,라쿠진 분유포트 문래동6가,거래완료,"10,000원",,2025-08-30,1,1,45,55.6℃,jbsh,유아동,육아중이라 문고리 거래 할게요,"지인에게 물려받아 1년 잘 쓰고 내놓아요
작동 다 잘 되고 깨끗해요~~^^

브레짜 분유제조기도 써봤지만
손분유가 제일 정확하고 좋아서 저는 분유포트 정말 잘 썼어요~

편하게 쓰실 분 가져가심 좋겠네요

이삿짐 정리중이라 빠르게 가져가실 분과 거래할게요

중고상품이고, 예민하신분은 피해주세요.
교환, 환불 안됩니다🙂

육아중이라 문고리 거래 할게요"
분유포트,브레짜 분유포트,베이비 브레짜 분유 제조기 & UV살균기 & 분유 포트,거래완료,"67,000원",화곡동,2025-08-30,1,1,315,49.3℃,헬로Jade,유아동,,"베이비 브레짜 분유 제조기 & 쿠첸 UV 젖병 소독기

+ 깔데기 여분 1개 추가

베이비 브레짜 23년 11월에 세척 및 유로 교체 서비스 받았어요. 그리고는 쭉 사용하고 있어서 보관한 기간은 없어요.

정품 등록 되어 있는 상태이나, 보증서랑 박스 모두 보관하고 있어요.

쿠첸 젖병 살균기는 고온으로 말리고 UV까지 조사해 주는 제품인데 최근에 UV 전등 모두 교체했어요~

윗부분에 남은 시간 나오는 LED가 부분 나가서 안보이는데 사용하는데 문제는 전혀 없어요~

분유포트는 온도 맞춤 기능 있는 거예요~
한번에 다 같이 드릴게요~"
분유포트,브레짜 분유포트,브레짜 상태최상A급 & 완전저렴[마지막금액낮춤],거래완료,"25,000원",화곡제2동,2025-08-30,0,2,284,49.1℃,신스타,생활가전,,"곧 출산이라 준비해둔 브레짜가 있는데 
지인이 하나더 물려주어서 당근합니당

정품등록 22년 4월 
사용기간은 1년정도 사용된 제품입니다 

생활기스는 조금 있지만 전체적으로 상태 A급
일주일에 꼭 1번씩 세척하면서 깨끗하게 쓰고
물은 분유포트로 끓였다가 40도로 식힌물 사용했고,
물배관청소도 식초로 하면서 관리하였습니다! 

마지막사용 후에 깨끗하게 청소하고 
물 최대한 빼둔 물건입니다
이번 주말간 거래시 화곡 마곡 근방은 직접 가져다드릴게요
구성박스나 여분 깔대기등 부품은 없어서 저렴하게 올렸습니다"
분유포트,브레짜 분유포트,브레짜 분유포트 brezza(재당근X),거래완료,"26,000원",신정동,2025-08-30,3,7,297,41.1℃,구규가갸,유아동,,"브레짜 분유포트 22년 4월에 구매하여 첫아이 때 잘 사용하고
둘째아이가 생기면 사용하려다가 시기를 놓쳐 판매하기위해 올립니다. (재당근 아닙니다.)

최대한 깔끔하게 썼으나 예민하시다면 다른상품으로 구매 부탁드리고, 궁금하신점 있으시면 문의주세요 ~"
분유포트,브레짜 분유포트,브레짜 분유제조기 팝니다~,거래완료,"90,000원",화곡동,2025-08-30,1,1,93,,,,,
분유포트,브레짜 분유포트,브레짜 분유제조기(24년구매 새상품 컨디션)깔대기3개,거래완료,"85,000원",신정동,2025-08-30,1,0,67,57.4℃,쩡스,유아동,,"브레짜 분유제조기 팝니다.
24년에 새제품 출산 선물 받아서 
24. 3.25.생 아기 조리원 나와서 4월 중순부터 약 한 달 사용했습니다. 
새상품 컨디션 입니다.
세척 가이드에 따라 주기적으로 청소했고 풀박스에 보증카드도 있습니다.
깔때기도  3개입니다.
아기가 많이 게워서 AR분유를 혼합해서 먹이느라 분유포트를 사용했습니다.

당근에 나온 매물 중 최상 컨디션 자신하고 조만간 이사 예정이라 저렴히 핀매합니다.
"
분유포트,브레짜 분유포트,benvoir 벤브와 분유포트 (중탕용기 포함) 강서,거래완료,"10,000원",염창동,2025-08-30,1,0,40,49.5℃,봉봉아빠,유아동,거래는 염창동 이너스내안에 아파트(양천로75길 22-21)로 와주시면 좋겠어요. 문고리 거래도 가능합니다.,"benvoir 벤브와 분유포트 입니다. 23년 3월쯤 구매했구요. 제조일은 22년7월이네요.
브레짜에 넣을 물 데우는데 사용했어요.
중탕 용기도 있습니다.

- 잘 세척하면서 사용했는데 바닥에 미니랄 침전 자국은 남더라구요.(사진참고)
- 유리겉면과 손잡이 연결하는 쇠부분이 부식된 부분이 있어요.(사진참고)
- 물식힐 때, 대체로 괜찮지만 냉각팬 소리가 날때도 있었어요.

거래는 염창동 이너스내안에 아파트(양천로75길 22-21)로 와주시면 좋겠어요. 문고리 거래도 가능합니다. "
분유포트,브레짜 분유포트,[새상품/미개봉]베이비브레짜 분유제조기*화이트,거래완료,"200,000원",화곡제4동,2025-08-30,1,1,86,48.4℃,미나미눙,유아동,,"분유제조기를 선물 받아서 판매하게 되었어요.

화이트는 2024년 최신모델이구요.

교환 및 환불 불가 입니다.

상품명 : 베이비브레짜 분유제조기 분유포트 화이트
"
