event_id,source_id,source,category,title,content,occurred_at,address,latitude,longitude,coord_x,coord_y,coord_crs,source_url,first_collected_at,last_collected_at
2832f30c7f377bf51b12e4e9b18b43b85fa016a056b2837a0ec62b8835cdcd9c,1097433,accident,도로돌발,도로돌발-사고,서부간선지하도로 (목동교 → 신정교) 3차로 차량고장,2026-08-31 17:45,,37.5299157,126.8889518,190184.4306246947,447845.9703124999100000,EPSG:4326 (WGS84) / EPSG:5186,https://safecity.seoul.go.kr/news/acdnt/getAcdntList.do,2026-08-31T17:48:37+09:00,2026-08-31T17:58:37+09:00
1ef22576c8d9f9d9704b506a422263495a7ef0a985a8749718e667c4b0542106,1097432,accident,도로돌발,도로돌발-공사,남대문로 (숭례문 → 한국은행앞) 3차로 시설물보수,2026-08-31 17:19,,37.5606513,126.9778844,198046.000893,451251.690943100000,EPSG:4326 (WGS84) / EPSG:5186,https://safecity.seoul.go.kr/news/acdnt/getAcdntList.do,2026-08-31T17:43:17+09:00,2026-08-31T17:58:37+09:00
05a1c6f04a43272e6bfbde591ac1930160807b77dffc84c96d93dc00112bbd71,1097431,accident,도로돌발,도로돌발-공사,양재대로 (탄천교 → 수서IC) 4차로 시설물보수,2026-08-31 17:18,,37.4935897,127.1018211,209004.349493,443813.322173100000,EPSG:4326 (WGS84) / EPSG:5186,https://safecity.seoul.go.kr/news/acdnt/getAcdntList.do,2026-08-31T17:22:36+09:00,2026-08-31T17:58:37+09:00
61ae012c79899004f7aecee4b1d61a89727e741e9b0d7b1133f8f74f0c23eab6,1097430,accident,도로돌발,도로돌발-사고,[사고] 밤고개로 수서역앞교차로 에서 수서ic 방향 1차로 교통사고   서울청,2026-08-31 17:01,,37.4872196,127.1016888,208993.411993,443106.322173100000,EPSG:4326 (WGS84) / EPSG:5186,https://safecity.seoul.go.kr/news/acdnt/getAcdntList.do,2026-08-31T17:12:36+09:00,2026-08-31T17:58:37+09:00
f09c90466c10189eb7e9ca4ff64e73c8acf8d38092667af835ee8eca644ca7e6,1097429,accident,도로돌발,도로돌발-사고,[사고] 경부고속도로 서울 방향 서초IC→반포IC 구간 4차로 추돌사고 * 발생 일시 : 2026년08월31일 16시31분,2026-08-31 16:55,,37.4810064,127.0269067,202379.841841,442412.216857100000,EPSG:4326 (WGS84) / EPSG:5186,https://safecity.seoul.go.kr/news/acdnt/getAcdntList.do,2026-08-31T17:12:36+09:00,2026-08-31T17:58:37+09:00
b1d56679d0c065fcd416987a9412d3fee5879b1d49f378467146c19ab4bbea88,1097428,accident,도로돌발,도로돌발-사고,강변북로 램프 일산방향 (강변북로 → 신용산역 진출) 1차로 추돌사고,2026-08-31 16:50,,37.5175016,126.9727833,197593.911235,446462.721576100000,EPSG:4326 (WGS84) / EPSG:5186,https://safecity.seoul.go.kr/news/acdnt/getAcdntList.do,2026-08-31T16:52:34+09:00,2026-08-31T17:58:37+09:00
8f4f6a9d56679d9c578a0446605086f33924f272d8aec734746a71ef0ad0cd39,1097427,accident,도로돌발,도로돌발-사고,경부고속도로 (반포IC → 서초IC) 5차로 추돌사고,2026-08-31 16:45,,37.4904813,127.0231914,202050.973735,443463.721576100000,EPSG:4326 (WGS84) / EPSG:5186,https://safecity.seoul.go.kr/news/acdnt/getAcdntList.do,2026-08-31T16:52:34+09:00,2026-08-31T17:58:37+09:00
0b2ed844dd4484fd06c452dc975de345231cec8368e5603bac655ccbeb607941,1097426,accident,도로돌발,도로돌발-사고,경부고속도로 (서초IC → 반포IC) 5차로 추돌사고,2026-08-31 16:42,,37.4967257,127.0210455,201861.036235,444156.721576100000,EPSG:4326 (WGS84) / EPSG:5186,https://safecity.seoul.go.kr/news/acdnt/getAcdntList.do,2026-08-31T16:52:34+09:00,2026-08-31T17:58:37+09:00
b52d430ad65a64a8985fb49fc4747d5a509b2362d8d001da7dbcd8315999fbe9,1097425,accident,도로돌발,도로돌발-사고,서부간선도로 (오금교동단 → 고척교) 2차로 추돌사고,2026-08-31 16:17,,37.5058733,126.8740723,188865.660846,445179.223539100000,EPSG:4326 (WGS84) / EPSG:5186,https://safecity.seoul.go.kr/news/acdnt/getAcdntList.do,2026-08-31T16:22:32+09:00,2026-08-31T17:58:37+09:00
53dfe65c471a55c421e477ea4f67264f7851fea2cf1575ffad9ed9c056dd66f8,S0001V1148657163,accident,화재사고,"화재사고-일반화재(일반주택, 근린생활시설 등)",위치 : 노원구 공릉로46길 () 일대,2026-08-31 16:15,,37.6271923,127.0795821,207025.126,458639.7442,EPSG:4326 (WGS84) / EPSG:5186,https://safecity.seoul.go.kr/news/acdnt/getAcdntList.do,2026-08-31T16:22:32+09:00,2026-08-31T17:58:37+09:00
d1ac7317f8458219d8b47351dc8996123bbc9d4cb2377fd26c4968213b98f818,1097424,accident,도로돌발,도로돌발-사고,녹사평대로 (서울용암초등학교 → 재정관리단앞) 2차로 차량고장,2026-08-31 16:05,,37.5407545,126.9875545,198900.098735,449043.221576100000,EPSG:4326 (WGS84) / EPSG:5186,https://safecity.seoul.go.kr/news/acdnt/getAcdntList.do,2026-08-31T16:12:31+09:00,2026-08-31T17:58:37+09:00
491e21d387e685c16af1b04533be0fa3ac7c29261a00cda80a380a1639fb74bd,1097423,accident,도로돌발,도로돌발-사고,통일로 (염천교 → 서울역) 5차로 차량고장,2026-08-31 16:04,,37.5591635,126.9714015,197473.161235,451086.721576100000,EPSG:4326 (WGS84) / EPSG:5186,https://safecity.seoul.go.kr/news/acdnt/getAcdntList.do,2026-08-31T16:12:31+09:00,2026-08-31T17:58:37+09:00
b4244b0b321fde488474534ab6395c6e8b2a09c88ea27d0e266326d17c0f8e31,1097422,accident,도로돌발,도로돌발-사고,[고장] 동부간선로 성수JC 방향 노원교→도봉T입구 구간 고장차량  * 발생 일시 : 2026년08월31일 15시31분,2026-08-31 15:59,,37.6640937,127.0521721,204603.223735,462733.721576100000,EPSG:4326 (WGS84) / EPSG:5186,https://safecity.seoul.go.kr/news/acdnt/getAcdntList.do,2026-08-31T16:12:31+09:00,2026-08-31T17:58:37+09:00
9ec862112a75335071e12dd1821ac68a249be8d8cd3f8fe60d2e0309f169008c,1097421,accident,도로돌발,도로돌발-사고,[사고] 경부고속도로 예술의전당 에서 서초IC 진입램프 방향 1차로 교통사고  서울청,2026-08-31 15:55,,37.4825566,127.0251563,202224.973346,442584.223539100000,EPSG:4326 (WGS84) / EPSG:5186,https://safecity.seoul.go.kr/news/acdnt/getAcdntList.do,2026-08-31T16:02:31+09:00,2026-08-31T17:58:37+09:00
30c3f783e235fd178938d0da7724f821832d9d312ba0993bbe8c6f0a01bab6ea,1097420,accident,도로돌발,도로돌발-공사,안양천로 (오금교서단 → 동양미래대학) 2차로 시설물보수,2026-08-31 15:23,,37.5020213,126.8698046,188487.723346,444752.223539100000,EPSG:4326 (WGS84) / EPSG:5186,https://safecity.seoul.go.kr/news/acdnt/getAcdntList.do,2026-08-31T15:32:28+09:00,2026-08-31T17:58:37+09:00
cc2ad6a9fd2c597bbbefa2165d4c7c34ad776902fd389f27a60289af524d835c,1097418,accident,도로돌발,도로돌발-공사,"노원로 (상계6,7동주민센터 → 상계중학교)  3차로 시설물보수",2026-08-31 15:20,,37.6548039,127.0670972,205920.8286379404,461703.4827619062100000,EPSG:4326 (WGS84) / EPSG:5186,https://safecity.seoul.go.kr/news/acdnt/getAcdntList.do,2026-08-31T15:32:28+09:00,2026-08-31T17:58:37+09:00
f93e00ddfc7f674b26bbd2ec68880238501a4927c59811b84bb00f7278cf4fcc,1097419,accident,도로돌발,도로돌발-공사,남부순환로 (매봉터널 → 도곡역) 5차로 시설물보수,2026-08-31 15:20,,37.489134,127.0524296,204636.785846,443315.223539100000,EPSG:4326 (WGS84) / EPSG:5186,https://safecity.seoul.go.kr/news/acdnt/getAcdntList.do,2026-08-31T15:32:28+09:00,2026-08-31T17:58:37+09:00
d8041a54f57cc4b3aedb32db026212b4d46369a07d5e35030b5b8d96ba1a980e,1097417,accident,도로돌발,도로돌발-기타,"천호대로 (강동성심병원 → 천호신사거리) 주변건물 화재 진압 작업으로 5차로 차단서울종합방재센터(119) : [화재] 일반화재(일반주택, 근린생활시설 등) - 현장도착 (서울특별시 서울 강동구 천호대로 1055(천호동))",2026-08-31 15:12,,37.5364935,127.1304088,211525.848346,448578.223539100000,EPSG:4326 (WGS84) / EPSG:5186,https://safecity.seoul.go.kr/news/acdnt/getAcdntList.do,2026-08-31T15:22:27+09:00,2026-08-31T17:58:37+09:00
ffd3753fa444728a23a42ffe71e0dd4c37059f49f6bb6a391f4bcdc993492b3d,S0001V1148656792,accident,화재사고,"화재사고-일반화재(일반주택, 근린생활시설 등)",위치 : 관악구 양녕로 () 일대,2026-08-31 15:05,,37.4823485,126.9461843,195240.2,442562.19,EPSG:4326 (WGS84) / EPSG:5186,https://safecity.seoul.go.kr/news/acdnt/getAcdntList.do,2026-08-31T15:12:26+09:00,2026-08-31T17:58:37+09:00
abf5b04abe70e9cf43120aa66ee1756e7121c16b38fd27da4f06c75c6efc9c61,S0001V1148656657,accident,화재사고,화재사고-지하화재,위치 : 강동구 천호대로 () 일대,2026-08-31 14:39,,37.5384577,127.1298681,211477.754,448796.1684,EPSG:4326 (WGS84) / EPSG:5186,https://safecity.seoul.go.kr/news/acdnt/getAcdntList.do,2026-08-31T14:42:24+09:00,2026-08-31T17:58:37+09:00
af80a721fcdb9ec58dff19ebcdfbc183b05dbdf9bb771500cead2b978c3f0519,1097415,accident,도로돌발,도로돌발-기타,언주로 (센터필드 → 구경복아파트) 1차로 기타 사고처리,2026-08-31 14:31,,37.5052753,127.0416641,203683.910846,445106.223539100000,EPSG:4326 (WGS84) / EPSG:5186,https://safecity.seoul.go.kr/news/acdnt/getAcdntList.do,2026-08-31T14:32:23+09:00,2026-08-31T17:58:37+09:00
8e8de9830ab2d6eb3a3631e09c78d9d0a76dcea92e5f8e92ccc1f5e2eb6c04ae,1097414,accident,도로돌발,도로돌발-사고,"언주로 (구경복아파트 → 센터필드) 1, 2차로 추돌사고",2026-08-31 14:31,,37.5050411,127.0414611,203665.973346,445080.223539100000,EPSG:4326 (WGS84) / EPSG:5186,https://safecity.seoul.go.kr/news/acdnt/getAcdntList.do,2026-08-31T14:32:23+09:00,2026-08-31T17:58:37+09:00
6a38039b47bd9188cfa04731d013ee2219514c360a16c5522244e55597ccd50f,1097413,accident,도로돌발,도로돌발-사고,"서부간선도로 (성산대교남단교차로 → 양평교) 1,2차로 추돌사고",2026-08-31 14:28,,37.5429451,126.8876267,190069.035846,449292.223539100000,EPSG:4326 (WGS84) / EPSG:5186,https://safecity.seoul.go.kr/news/acdnt/getAcdntList.do,2026-08-31T14:32:23+09:00,2026-08-31T17:58:37+09:00
884dce13ca32f09aa388abf4b9bfdb4b7927e0fc773bab8f02d02983b9938dcd,1097412,accident,도로돌발,도로돌발-사고,[사고] 올림픽대로 하남 방향 천호대교남단→암사대교남단 구간 4차로 충돌사고 * 발생 일시 : 2026년08월31일 14시31분,2026-08-31 14:25,,37.5410164,127.1182671,210452.096886,449078.798881100000,EPSG:4326 (WGS84) / EPSG:5186,https://safecity.seoul.go.kr/news/acdnt/getAcdntList.do,2026-08-31T14:32:23+09:00,2026-08-31T17:58:37+09:00
5d36022928831fb7281644b4ff9a6361bd5307aa989db7445b5081f32b21f2bc,1097416,accident,도로돌발,도로돌발-사고,[사고] 국회대로 목동지하차도서측 에서 경인2지하차도서측 방향 기점방향 고장 4차로 목동지하차도서측 → 경인2지하차도서측 경인선 기점,2026-08-31 14:22,,37.5292891,126.861029,187716.228878,447779.707506100000,EPSG:4326 (WGS84) / EPSG:5186,https://safecity.seoul.go.kr/news/acdnt/getAcdntList.do,2026-08-31T14:42:24+09:00,2026-08-31T17:58:37+09:00
a0195e3d096fb892951ce9191fd49f99d11fe55e10eb15715791609ad73cbdf3,1097411,accident,도로돌발,도로돌발-공사,신월여의지하도로 (신월요금소 → 홍익병원앞) 갓길 시설물보수,2026-08-31 14:13,,37.5281045,126.8536196,187061.098346,447649.223539100000,EPSG:4326 (WGS84) / EPSG:5186,https://safecity.seoul.go.kr/news/acdnt/getAcdntList.do,2026-08-31T14:22:22+09:00,2026-08-31T17:58:37+09:00
94462de89628be670b356b48c6e829c715f6eb7578bed57bab0d9c1852c66b2a,1097410,accident,도로돌발,도로돌발-사고,[사고] 이태원로 삼각지역 에서 녹사평역 방향 3차로 교통사고   서울청,2026-08-31 14:01,,37.5354859,126.9740468,197706.160846,448458.723539100000,EPSG:4326 (WGS84) / EPSG:5186,https://safecity.seoul.go.kr/news/acdnt/getAcdntList.do,2026-08-31T14:12:21+09:00,2026-08-31T17:58:37+09:00
a4c6f3ca190c61a3913642ad9ab48dc4fb8f799544610a71da32f6c77fc57c01,1097409,accident,도로돌발,도로돌발-사고,서부간선도로 (오목교동단 → 목동교동단)지하차도 옆  사고차량,2026-08-31 13:46,,37.5242882,126.8818031,189551.7674344551,447222.16781525100000,EPSG:4326 (WGS84) / EPSG:5186,https://safecity.seoul.go.kr/news/acdnt/getAcdntList.do,2026-08-31T13:52:20+09:00,2026-08-31T17:58:37+09:00
0d005d88d80063106ce0c9fef4b9b6bfb7966a94c2fc5a9ba83e6c3767f60444,1097408,accident,도로돌발,도로돌발-사고,반포대로 (서울성모병원 → 반포고가차도)  2차로 차량고장,2026-08-31 13:25,,37.5039727,127.0019404,200171.5681241523,444960.8370352207100000,EPSG:4326 (WGS84) / EPSG:5186,https://safecity.seoul.go.kr/news/acdnt/getAcdntList.do,2026-08-31T13:32:19+09:00,2026-08-31T17:58:37+09:00
bab7877c01cdf5bc76f6dfa818e19c7320fe3516b108516ebdcd603a58b88fb2,1097407,accident,도로돌발,도로돌발-공사,도산대로 (도산공원 → 학동사거리) 5차로 시설물보수,2026-08-31 13:11,,37.5216331,127.0353692,203126.635568,446921.507659100000,EPSG:4326 (WGS84) / EPSG:5186,https://safecity.seoul.go.kr/news/acdnt/getAcdntList.do,2026-08-31T13:22:18+09:00,2026-08-31T17:58:37+09:00
67e1d25232d5c4d59caf932c86fa8b4ec7891aaf0ee8af30be531a6f7c3cb101,1097406,accident,도로돌발,도로돌발-공사,[공사] 강변북로 일산 방향 천호대교북단→올림픽대교북단 구간 1차로 녹지작업 *,2026-08-31 12:56,,37.5442316,127.1076196,209510.698068,449434.507659100000,EPSG:4326 (WGS84) / EPSG:5186,https://safecity.seoul.go.kr/news/acdnt/getAcdntList.do,2026-08-31T13:22:18+09:00,2026-08-31T17:58:37+09:00
5726d5d914ee332130a04ebfc51385448358d5f5edf35c7405bc9bafa83573db,1097405,accident,도로돌발,도로돌발-사고,[사고] 내부순환로 성산 방향 연희램프→성산램프 구간 2차로 추돌사고,2026-08-31 12:54,,37.5714691,126.9212331,193041.647819,452455.023036100000,EPSG:4326 (WGS84) / EPSG:5186,https://safecity.seoul.go.kr/news/acdnt/getAcdntList.do,2026-08-31T13:22:18+09:00,2026-08-31T17:58:37+09:00
5bc670d4d5481c117e1751f66b987337f1ec48f306492c4892ba84a9a8481da1,1097403,accident,도로돌발,도로돌발-사고,"새문안로 (정동사거리 → 서대문역) 1, 2차로 추돌사고",2026-08-31 12:50,,37.5672981,126.9681145,197183.0405505928,451989.6564581367100000,EPSG:4326 (WGS84) / EPSG:5186,https://safecity.seoul.go.kr/news/acdnt/getAcdntList.do,2026-08-31T13:22:18+09:00,2026-08-31T17:58:37+09:00
0e548cd4e71d9887d45aa6a3c35090e1666ee464317aff3c796b75cace9c00c6,1097402,accident,도로돌발,도로돌발-사고,[사고] 올림픽대로 김포 방향 동호대교남단→한남대교남단 구간 추돌사고 * 발생 일시 : 2026년08월31일 12시31분,2026-08-31 12:46,,37.5336655,127.0265039,202342.563393,448256.690943100000,EPSG:4326 (WGS84) / EPSG:5186,https://safecity.seoul.go.kr/news/acdnt/getAcdntList.do,2026-08-31T13:22:18+09:00,2026-08-31T17:58:37+09:00
95e7634363305756b3aa68ef5270a09143186bf6db1428c9ae57caaa84061951,1097400,accident,도로돌발,도로돌발-사고,[고장] 분당수서로 청담대교 방향 수서→탄천1교 구간 고장차량  * 발생 일시 : 2026년08월31일 12시31분,2026-08-31 12:45,,37.491084,127.1037366,209174.044478,443535.409108100000,EPSG:4326 (WGS84) / EPSG:5186,https://safecity.seoul.go.kr/news/acdnt/getAcdntList.do,2026-08-31T13:22:18+09:00,2026-08-31T17:58:37+09:00
af01edf3dcd5965126fc0df8ab1e1b747c9cef931db1735543af8970415a6e25,1097401,accident,도로돌발,도로돌발-사고,[고장] 강남순환로 수서 방향 봉천터널 입구부→봉천터널 중간부 구간 4차로 고장차량,2026-08-31 12:44,,37.4695642,126.9489995,195488.429028,441143.166091100000,EPSG:4326 (WGS84) / EPSG:5186,https://safecity.seoul.go.kr/news/acdnt/getAcdntList.do,2026-08-31T13:22:18+09:00,2026-08-31T17:58:37+09:00
99a0540fd900665f4edad1ede70afb49a5c033cd7859eb6b63417ccc42a25bbf,1097399,accident,도로돌발,도로돌발-공사,올림픽대로 김포방향  (성산대교남단 → 월드컵대교남단) 4차로 시설물보수,2026-08-31 12:18,,37.5479242,126.8883372,190132.4804482173,449844.7651809692100000,EPSG:4326 (WGS84) / EPSG:5186,https://safecity.seoul.go.kr/news/acdnt/getAcdntList.do,2026-08-31T12:27:50+09:00,2026-08-31T17:58:37+09:00
a75d24dd8f373fbe5da337f3b4853375fc96c295cc574498752bfcf866a89041,1097398,accident,도로돌발,도로돌발-사고,[사고] 동일로 묵동교 → 태릉입구역사거리역 방향 1차로 교통사고   서울청,2026-08-31 12:12,,37.6164543,127.0760052,206710.346024,457447.682179100000,EPSG:4326 (WGS84) / EPSG:5186,https://safecity.seoul.go.kr/news/acdnt/getAcdntList.do,2026-08-31T12:27:50+09:00,2026-08-31T17:58:37+09:00
ed75263d1ced3e61d9ec7c2f653850e9c17f1e64a7ef5905d2fd18bc41bc21a1,1097397,accident,도로돌발,도로돌발-공사,망우로 (동부시장 → 중랑교) 서울체육회교차로  4차로 시설물보수,2026-08-31 12:12,,37.5931192,127.0730491,206451.3707833003,454857.5269760131100000,EPSG:4326 (WGS84) / EPSG:5186,https://safecity.seoul.go.kr/news/acdnt/getAcdntList.do,2026-08-31T12:27:50+09:00,2026-08-31T17:58:37+09:00
06174cd53732ed2850c3caeb77c088dc060ecb7e4aca9ae9aa0a841fad949419,1097396,accident,도로돌발,도로돌발-공사,공항대로 (발산역 →  KBS스포츠월드) 5차로 시설물보수,2026-08-31 12:10,,37.5578156,126.8431929,186144.9537265014,450948.2872680664100000,EPSG:4326 (WGS84) / EPSG:5186,https://safecity.seoul.go.kr/news/acdnt/getAcdntList.do,2026-08-31T12:16:03+09:00,2026-08-31T17:58:37+09:00
6878fde86a6d70ee2c6bc44be28a8fbfc41c82a1fef023ce0cce2eca79bba698,1097395,accident,도로돌발,도로돌발-공사,청계천로 (광교 → 청계2가) 2차로 시설물보수,2026-08-31 11:45,,37.5680792,126.9853698,198707.4931246947,452075.9703124999100000,EPSG:4326 (WGS84) / EPSG:5186,https://safecity.seoul.go.kr/news/acdnt/getAcdntList.do,2026-08-31T11:56:02+09:00,2026-08-31T17:58:37+09:00
58e9c58b2e950401887005e82a114cb18e4be09e8605cb71fa33343accb4925f,1097394,accident,도로돌발,도로돌발-공사,백제고분로 (배명사거리 → 석촌역) 3차로 시설물보수,2026-08-31 11:43,,37.5041342,127.1053437,209314.5556246947,444983.9703124999100000,EPSG:4326 (WGS84) / EPSG:5186,https://safecity.seoul.go.kr/news/acdnt/getAcdntList.do,2026-08-31T11:56:02+09:00,2026-08-31T17:58:37+09:00
223e69d249e37a50457c9dd2521e62b98a9f090e28bdf66fcd949536e64b60a1,1097393,accident,도로돌발,도로돌발-사고,강동대로 (둔촌사거리 → 올림픽공원북2문) 6차로 사고처리,2026-08-31 11:27,,37.5218765,127.1328073,211740.1181246947,446956.2203124999100000,EPSG:4326 (WGS84) / EPSG:5186,https://safecity.seoul.go.kr/news/acdnt/getAcdntList.do,2026-08-31T11:36:00+09:00,2026-08-31T17:58:37+09:00
690ba9846320c9b598bf9302bff75331187a5f3b0272d81635d8e04f0271de0b,1097392,accident,도로돌발,도로돌발-공사,의사당대로 (여의도공원앞 → 여의도역) 하위차로 시설물보수,2026-08-31 11:11,,37.5233088,126.9220038,193105.2941939545,447109.7534011841100000,EPSG:4326 (WGS84) / EPSG:5186,https://safecity.seoul.go.kr/news/acdnt/getAcdntList.do,2026-08-31T11:26:00+09:00,2026-08-31T17:58:37+09:00
b8dd470b18a5d8beda348065c12e17a234fac14a34b3c8ed60a3797eaf1c2c2f,1097391,accident,도로돌발,도로돌발-사고,[사고] 올림픽대로 하남 방향 한남대교남단→동호대교남단 구간 2차로 추돌사고,2026-08-31 11:04,,37.5236752,127.0161637,201428.830997,447147.683282100000,EPSG:4326 (WGS84) / EPSG:5186,https://safecity.seoul.go.kr/news/acdnt/getAcdntList.do,2026-08-31T11:15:59+09:00,2026-08-31T17:58:37+09:00
bd8cf062b7aa16d7c814b8e17971536271608935dd36ca3c178746ff1a1c3b96,1097390,accident,도로돌발,도로돌발-사고,동부간선도로  의정부방향   (이화교 → 월릉교) 3차로  추돌사고,2026-08-31 11:00,,37.6144844,127.072383,206390.7116015762,457228.7863993106100000,EPSG:4326 (WGS84) / EPSG:5186,https://safecity.seoul.go.kr/news/acdnt/getAcdntList.do,2026-08-31T11:05:58+09:00,2026-08-31T17:58:37+09:00
bf31df7517883908d74ddd2ce5006ad59b14d8013dcf14740c8330a2a7ed175c,1096263,accident,도로돌발,도로돌발-행사,"[통제] 덕수궁길 차 없는 거리(대한문~원형 분수대, 양방향) - 평일 11:00~14:00- 토요일·공휴일 10:00~18:00- 일요일 12:00~18:00",2026-08-31 11:00,,37.5646574,126.9751721,197806.4725260006,451696.3851346326100000,EPSG:4326 (WGS84) / EPSG:5186,https://safecity.seoul.go.kr/news/acdnt/getAcdntList.do,2026-08-31T11:02:47+09:00,2026-08-31T17:58:37+09:00
31c2d72279123414d5d4717a49396a399cc38750c3f9aa06ed36a90c951d0ec7,1097389,accident,도로돌발,도로돌발-공사,밤고개로 (자곡사거리 → 수서역) 4차로 시설물보수,2026-08-31 10:53,,37.4840479,127.1042203,209217.6879199356,442754.5489725528100000,EPSG:4326 (WGS84) / EPSG:5186,https://safecity.seoul.go.kr/news/acdnt/getAcdntList.do,2026-08-31T11:02:47+09:00,2026-08-31T17:58:37+09:00
a4430a57befa7f6c849e03ba631fdb004f8ce36f696b6dd6a1862eda21225214,1097388,accident,도로돌발,도로돌발-공사,밤고개로 (자곡사거리 → 수서역) 3차로 시설물보수,2026-08-31 10:52,,37.4758275,127.1063628,209408.2106555313,441842.4014200625100000,EPSG:4326 (WGS84) / EPSG:5186,https://safecity.seoul.go.kr/news/acdnt/getAcdntList.do,2026-08-31T11:02:47+09:00,2026-08-31T17:58:37+09:00
edec5593b3d0f130339650571a954929ea5ef7299a9b33bc1c23f2984df03ae6,1097386,accident,도로돌발,도로돌발-공사,압구정로 (압구정역 → 성수대교남단교차로) 3차로 시설물보수,2026-08-31 10:43,,37.527547,127.0296376,202619.7527429171,447577.6993060723100000,EPSG:4326 (WGS84) / EPSG:5186,https://safecity.seoul.go.kr/news/acdnt/getAcdntList.do,2026-08-31T10:52:46+09:00,2026-08-31T17:58:37+09:00
156a44d2c51a27e6ff3aa52e45c11a01b1a6f0d99d8d1a07c9edd4abce93d60b,S0001V1148655468,accident,화재사고,화재사고-고층건물,위치 : 서초구 반포대로 () 일대,2026-08-31 10:42,,37.5032223,126.9976607,199793.1511,444877.553,EPSG:4326 (WGS84) / EPSG:5186,https://safecity.seoul.go.kr/news/acdnt/getAcdntList.do,2026-08-31T10:52:46+09:00,2026-08-31T17:58:37+09:00
98bde454cf16ab2b993f8064600727ffefd70ab4a38c4234cde7447cc466de10,1097385,accident,도로돌발,도로돌발-공사,강남순환로 수서방향  (서초터널입구부 → 서초터널출구부) 3차로 청소작업,2026-08-31 10:41,,37.46994,126.9907396,199180.8152429171,441183.6993060723100000,EPSG:4326 (WGS84) / EPSG:5186,https://safecity.seoul.go.kr/news/acdnt/getAcdntList.do,2026-08-31T10:52:46+09:00,2026-08-31T17:58:37+09:00
2d5c78ac3f911fc35bcb2a0d7fa3e27bf73b56958e05eac20cbd94a512ff7121,1097387,accident,도로돌발,도로돌발-사고,[사고] 위례성대로 오금초교 에서 올림픽공원앞교차로 방향 7차로 고장 차량   서울청,2026-08-31 10:38,,37.5092017,127.1340678,211853.551258,445549.631287100000,EPSG:4326 (WGS84) / EPSG:5186,https://safecity.seoul.go.kr/news/acdnt/getAcdntList.do,2026-08-31T10:52:46+09:00,2026-08-31T17:58:37+09:00
6a3256a4248fb13b5e1e2cd92ac55e83efa763a9dc0688121745ddcdeb8d1cbc,S0001V1148655444,accident,화재사고,화재사고-기타화재,위치 : 강동구 성내로 () 일대,2026-08-31 10:37,,37.5284873,127.1254349,211087.4243,447689.0391,EPSG:4326 (WGS84) / EPSG:5186,https://safecity.seoul.go.kr/news/acdnt/getAcdntList.do,2026-08-31T10:42:45+09:00,2026-08-31T10:42:45+09:00
c0c242e7b356d52336736eb955e1319aeac047f8c344e71147a6056722ab26a1,1097381,accident,도로돌발,도로돌발-사고,강변북로  일산방향 (잠실철교북단 → 잠실대교북단) 4차로 추돌사고,2026-08-31 10:33,,37.5307307,127.0918613,208119.5431005068,447934.6054950371100000,EPSG:4326 (WGS84) / EPSG:5186,https://safecity.seoul.go.kr/news/acdnt/getAcdntList.do,2026-08-31T10:42:45+09:00,2026-08-31T17:58:37+09:00
d338799e324562e355181980f38b8a6ece3df5bb590dbdebce661daec52b4e1f,1097382,accident,도로돌발,도로돌발-사고,[고장] 올림픽대로 김포 방향 천호대교남단→올림픽대교남단 구간 4차로 고장차량,2026-08-31 10:33,,37.5410164,127.1182671,210452.096886,449078.798881100000,EPSG:4326 (WGS84) / EPSG:5186,https://safecity.seoul.go.kr/news/acdnt/getAcdntList.do,2026-08-31T10:42:45+09:00,2026-08-31T17:58:37+09:00
fc15ed35b27d30cd368e1b4552ad00730a4b5a87082865c37b604be72fb5e799,1097383,accident,도로돌발,도로돌발-기타,[사고/통제] 올림픽대로(하남방면) 동호대교→압구정역 / 압구정고가차도 옆 도로에서 나무가 쓰러지는 사고로 통제중 우회 바람,2026-08-31 10:33,,37.5299713,127.025043,202213.548731,447846.642757100000,EPSG:4326 (WGS84) / EPSG:5186,https://safecity.seoul.go.kr/news/acdnt/getAcdntList.do,2026-08-31T10:42:45+09:00,2026-08-31T17:58:37+09:00
6fba0b83a681dbff88e65b27b7159489c1f782a38b27d95e212b6c24c001ce6b,1097380,accident,도로돌발,도로돌발-공사,[공사] 강남순환로 수서 방향 관악터널 입구부→관악터널 출구부 구간 3차로 청소작업,2026-08-31 10:24,,37.4379087,126.9075196,191815.611231,437632.642757100000,EPSG:4326 (WGS84) / EPSG:5186,https://safecity.seoul.go.kr/news/acdnt/getAcdntList.do,2026-08-31T10:32:44+09:00,2026-08-31T17:58:37+09:00
7b9cbe2db5d7c829644cbddbfd49f4563fb213017052d8bd7340a435c9375db5,1097379,accident,도로돌발,도로돌발-공사,창경궁로 (혜화동로터리 → 성균관대입구) 4차로 시설물보수,2026-08-31 10:24,,37.5843965,127.0001805,200015.9434320781,453886.9039697178100000,EPSG:4326 (WGS84) / EPSG:5186,https://safecity.seoul.go.kr/news/acdnt/getAcdntList.do,2026-08-31T10:32:44+09:00,2026-08-31T17:58:37+09:00
28d3c464a8ed7a53a216a8140b8efa5505715322bb342f7167d693692ab60370,1097378,accident,도로돌발,도로돌발-사고,경부고속도로 신갈방향 (반포IC → 서초IC) 5차로 추돌사고,2026-08-31 10:20,,37.4980686,127.0202013,201786.3566939545,444305.7534011841100000,EPSG:4326 (WGS84) / EPSG:5186,https://safecity.seoul.go.kr/news/acdnt/getAcdntList.do,2026-08-31T10:32:44+09:00,2026-08-31T17:58:37+09:00
fc5b6abf4ffe9b215823abbdea3c00469d1a10696a7d5a49887b4c359b134186,1097376,accident,도로돌발,도로돌발-사고,경인로 (서울교남단 → 영등포로터리) 하위차로 추돌사고,2026-08-31 10:20,,37.5192481,126.9131975,192326.4191939545,446659.7534011841100000,EPSG:4326 (WGS84) / EPSG:5186,https://safecity.seoul.go.kr/news/acdnt/getAcdntList.do,2026-08-31T10:32:44+09:00,2026-08-31T17:58:37+09:00
955273a8bd7872cf1b244917339d16f42afabf4824902a27aaf044717643b90d,1097377,accident,도로돌발,도로돌발-사고,[사고] 동부간선로 램프 의정부 방향  동부간선 →  상계교 진 구간  하위차로 추돌사고,2026-08-31 10:20,,37.6605324,127.0527071,204650.6540644023,462338.4837274082100000,EPSG:4326 (WGS84) / EPSG:5186,https://safecity.seoul.go.kr/news/acdnt/getAcdntList.do,2026-08-31T10:32:44+09:00,2026-08-31T17:58:37+09:00
c30dd66f45adc4b67bbaeda58a6b744f9e7ec411c1ab482b321164274792893c,1097374,accident,도로돌발,도로돌발-공사,신촌로 (동교동삼거리 → 창천동삼거리) 4차로 시설물보수,2026-08-31 10:18,,37.5582079,126.9273681,193582.4816939545,450982.7534011841100000,EPSG:4326 (WGS84) / EPSG:5186,https://safecity.seoul.go.kr/news/acdnt/getAcdntList.do,2026-08-31T10:22:44+09:00,2026-08-31T17:58:37+09:00
66e25d4304e2d54153e354e876691ec51f20850cd7382a8aa9bfdfc41b1beb24,1097375,accident,도로돌발,도로돌발-사고,사가정로 장안동삼거리 → 배봉초교교차로 방향 3차로 교통사고,2026-08-31 10:17,,37.5787285,127.0722198,206379.358227,453260.268609100000,EPSG:4326 (WGS84) / EPSG:5186,https://safecity.seoul.go.kr/news/acdnt/getAcdntList.do,2026-08-31T10:22:44+09:00,2026-08-31T17:58:37+09:00
8b2d28da0c7313edd84bb95003c6874cdddcf1a1bf403c9a663d447f03316004,1097373,accident,도로돌발,도로돌발-공사,월계로 (방천시장입구 → 창문여고앞) 4차로 시설물보수,2026-08-31 10:15,,37.61154,127.035543,203138.225147934,456900.1278060913100000,EPSG:4326 (WGS84) / EPSG:5186,https://safecity.seoul.go.kr/news/acdnt/getAcdntList.do,2026-08-31T10:22:44+09:00,2026-08-31T17:58:37+09:00
44d1ccd5514aabbc776c562732958a6dcb1b7de960a28b949940fc08b1f054d2,1097372,accident,도로돌발,도로돌발-사고,경인로 (서울교남단 → 영등포로타리) 1차로 추돌사고,2026-08-31 09:54,,37.519104,126.9133002,192335.4816939545,446643.7534011841100000,EPSG:4326 (WGS84) / EPSG:5186,https://safecity.seoul.go.kr/news/acdnt/getAcdntList.do,2026-08-31T10:02:24+09:00,2026-08-31T17:58:37+09:00
0bae07ae9d62ccc2807166363eb7b45fb3aa6245d44ee1b486d61a4ca6163b93,1097371,accident,도로돌발,도로돌발-사고,"양화로 (홍대입구역 → 동교동삼거리) 1,2차로 추돌사고",2026-08-31 09:51,,37.5578283,126.9254452,193412.5441939545,450940.7534011841100000,EPSG:4326 (WGS84) / EPSG:5186,https://safecity.seoul.go.kr/news/acdnt/getAcdntList.do,2026-08-31T10:02:24+09:00,2026-08-31T17:58:37+09:00
c8474ca1b5d4a6e8f9faa0540f2c9a9956444fd63d492cf7a11453ddcd267eb8,1097370,accident,도로돌발,도로돌발-공사,강남순환로 성산방향 (관악터널입구부 →  관악터널출구부) 3차로 청소작업,2026-08-31 09:31,,37.4510303,126.9281976,193646.7008314717,439087.3626325346100000,EPSG:4326 (WGS84) / EPSG:5186,https://safecity.seoul.go.kr/news/acdnt/getAcdntList.do,2026-08-31T10:02:24+09:00,2026-08-31T17:58:37+09:00
f08bf67bbc65aaf56f04d8888341a46e2dcaf88bc84f34e7c631c6c3bb47439a,1097368,accident,도로돌발,도로돌발-사고,올림픽대로 하남방향 (동작대교남단 → 반포대교남단) 5차로 추돌사고,2026-08-31 09:29,,37.5061688,126.9907826,199185.017402,445204.612976100000,EPSG:4326 (WGS84) / EPSG:5186,https://safecity.seoul.go.kr/news/acdnt/getAcdntList.do,2026-08-31T10:02:24+09:00,2026-08-31T17:58:37+09:00
4bc7b5ff9824ee63752daa3ba6887b9871a610c6e6d53c672ded9d6793b77c48,1097366,accident,도로돌발,도로돌발-사고,"사평대로 (서울성모병원 → 삼호가든사거리) 3,4차로 추돌사고",2026-08-31 09:26,,37.5029614,127.0063222,200559.017402,444848.612976100000,EPSG:4326 (WGS84) / EPSG:5186,https://safecity.seoul.go.kr/news/acdnt/getAcdntList.do,2026-08-31T10:32:44+09:00,2026-08-31T17:58:37+09:00
d0efaf76521bc5e687721eed8f7078ed0a25621da7b0881fc7a6bb3745d53df0,1097367,accident,도로돌발,도로돌발-공사,"강남순환로 성산방향 (봉천터널입구부 → 봉천터널출구부) 3,4차로 청소작업",2026-08-31 09:26,,37.4680092,126.974497,197743.9208443828,440969.6693419668100000,EPSG:4326 (WGS84) / EPSG:5186,https://safecity.seoul.go.kr/news/acdnt/getAcdntList.do,2026-08-31T10:02:24+09:00,2026-08-31T17:58:37+09:00
544675f73eca1b4972c05eed7e6e4437171a72b355ca0750862807212d52e4d3,1097366,accident,도로돌발,도로돌발-사고,사평대로 (서울성모병원 → 삼호가든사거리) 4차로 추돌사고,2026-08-31 09:26,,37.5029614,127.0063222,200559.017402,444848.612976100000,EPSG:4326 (WGS84) / EPSG:5186,https://safecity.seoul.go.kr/news/acdnt/getAcdntList.do,2026-08-31T10:02:24+09:00,2026-08-31T17:43:17+09:00
df7ac6aaf77a97e80783d3ee99eb0d61771a7e582be4471833b85b1af177c2b8,1097369,accident,도로돌발,도로돌발-사고,"[사고] 과천대로 사당IC 에서 사당역 방향 4,5차로 교통사고   서울청",2026-08-31 09:25,,37.4579877,126.9885499,198986.956523,439857.169647100000,EPSG:4326 (WGS84) / EPSG:5186,https://safecity.seoul.go.kr/news/acdnt/getAcdntList.do,2026-08-31T10:02:24+09:00,2026-08-31T17:58:37+09:00
f7cac6ddb41136cd92ea3a06225dc2bf67a5d05f808d9af9e51d37e404640dd5,1097365,accident,도로돌발,도로돌발-사고,[고장] 분당수서로 성남 방향 청담대교남단→탄천1교 구간  3차로 고장차량,2026-08-31 09:23,,37.5080958,127.0678281,205997.079902,445420.612976100000,EPSG:4326 (WGS84) / EPSG:5186,https://safecity.seoul.go.kr/news/acdnt/getAcdntList.do,2026-08-31T10:02:24+09:00,2026-08-31T17:58:37+09:00
81e4f7f39b1c79b04009165e710dab861c78b326f6cc80bfe48b099c051c8442,1097364,accident,도로돌발,도로돌발-사고,"봉은사로 (코엑스 → 봉은교) 차량화재서울종합방재센터(119) : [화재] 차량화재(일반도로) - 편성중 (서울특별시 강남구 영동대로106길 33(삼성동))",2026-08-31 09:22,,37.5145686,127.0636887,205630.6066939545,446138.7534011841100000,EPSG:4326 (WGS84) / EPSG:5186,https://safecity.seoul.go.kr/news/acdnt/getAcdntList.do,2026-08-31T10:02:24+09:00,2026-08-31T17:58:37+09:00
db7781b9ad017cc78c63a3606e995e5b9196be2275ad5fb039575cfd1fe34e00,1097363,accident,도로돌발,도로돌발-사고,경부고속도로 서울방향 (양재IC → 서초IC) 4차로 추돌사고,2026-08-31 09:21,,37.4646803,127.03892,203443.142402,440600.612976100000,EPSG:4326 (WGS84) / EPSG:5186,https://safecity.seoul.go.kr/news/acdnt/getAcdntList.do,2026-08-31T10:02:24+09:00,2026-08-31T17:58:37+09:00
2143ebf5e79079ae7b40316218bb01026e784e53b06f51f65deb163ecb268fa4,1097361,accident,도로돌발,도로돌발-사고,천호대로 (상일초교 → 상일2교) 2차로 추돌사고,2026-08-31 09:18,,37.5452364,127.1699887,215022.2575328064,449554.1739868164100000,EPSG:4326 (WGS84) / EPSG:5186,https://safecity.seoul.go.kr/news/acdnt/getAcdntList.do,2026-08-31T10:02:24+09:00,2026-08-31T17:58:37+09:00
6ff3dae008987f1a304b4d6b5efd521a3486a774e76bd989c49921151f62f81f,S0001V1148655037,accident,화재사고,"화재사고-일반화재(일반주택, 근린생활시설 등)",위치 : 강남구 영동대로106길 () 일대,2026-08-31 09:17,,37.5139246,127.0638009,205640.5783,446067.2856,EPSG:4326 (WGS84) / EPSG:5186,https://safecity.seoul.go.kr/news/acdnt/getAcdntList.do,2026-08-31T10:02:24+09:00,2026-08-31T17:58:37+09:00
f5bf97fc4db3be432b8b7cff64b524420cde7f4679f72af4a1135a512125b004,1097360,accident,도로돌발,도로돌발-공사,[공사] 강남순환로 성산 방향 서초터널 입구부→서초터널 중간부 구간 3차로 청소작업,2026-08-31 09:14,,37.4609293,127.0220192,201948.075648,440183.819629100000,EPSG:4326 (WGS84) / EPSG:5186,https://safecity.seoul.go.kr/news/acdnt/getAcdntList.do,2026-08-31T10:02:24+09:00,2026-08-31T17:58:37+09:00
5c0eabc65eded6c0252722e35ff9bbb4f3b2e6625fc1809c007c57fc2047abda,1097362,accident,도로돌발,도로돌발-사고,[사고] 천호대로 상일초등교앞교차로 → 상일IC입구교차로 방향 7차로 교통사고   서울청,2026-08-31 09:14,,37.5455013,127.170215,215042.204902,449583.612976100000,EPSG:4326 (WGS84) / EPSG:5186,https://safecity.seoul.go.kr/news/acdnt/getAcdntList.do,2026-08-31T10:02:24+09:00,2026-08-31T17:58:37+09:00
9f8151e64daa891ac525a1c4202ee190b940d2adaf505794798203eec0511616,1097359,accident,도로돌발,도로돌발-사고,증산로 (월드컵대교북단 → 월드컵대교남단) 2차로 추돌사고,2026-08-31 09:05,,37.5595314,126.886892,190006.3200328064,451133.1739868164100000,EPSG:4326 (WGS84) / EPSG:5186,https://safecity.seoul.go.kr/news/acdnt/getAcdntList.do,2026-08-31T10:02:24+09:00,2026-08-31T17:58:37+09:00
2e26ea3cf008f60c4118908f331eef7bb141f3b04cceabfda51445e7fda9cac1,1097358,accident,도로돌발,도로돌발-사고,경부고속도로 서울방향 (달래네고개 → 양재IC2) 2차로 고장차량,2026-08-31 08:53,,37.4577823,127.0454578,204021.8912265014,439835.2872680664100000,EPSG:4326 (WGS84) / EPSG:5186,https://safecity.seoul.go.kr/news/acdnt/getAcdntList.do,2026-08-31T10:02:24+09:00,2026-08-31T17:58:37+09:00
a633f5e2039265e5c45fb36dfdea8ba74c8d58de8ff9b4ebe3dd0838768806a7,1097357,accident,도로돌발,도로돌발-사고,개화동로 (김포공항입구 → 김포공항) 4차로 추돌사고,2026-08-31 08:48,,37.5646895,126.806336,182889.9537265014,451717.2872680664100000,EPSG:4326 (WGS84) / EPSG:5186,https://safecity.seoul.go.kr/news/acdnt/getAcdntList.do,2026-08-31T10:02:24+09:00,2026-08-31T17:58:37+09:00
74a476862e93051dd71bbc2f8ce45749b7d096772a227e50fe68ea038eca965f,1097356,accident,도로돌발,도로돌발-사고,양재대로 (수서IC → 탄천교) 3차로 차량고장,2026-08-31 08:48,,37.49308,127.1009934,208931.2097537231,443756.6760314941100000,EPSG:4326 (WGS84) / EPSG:5186,https://safecity.seoul.go.kr/news/acdnt/getAcdntList.do,2026-08-31T10:02:24+09:00,2026-08-31T17:58:37+09:00
74b0f4a1d21e3981c77f727be6ab25bc0b2b26ca6db543e397a759d1165bbc91,1097355,accident,도로돌발,도로돌발-공사,공항대로 (발산역 → KBS스포츠월드) 4차로 시설물보수,2026-08-31 08:40,,37.5580202,126.8412465,185973.0162265014,450971.2872680664100000,EPSG:4326 (WGS84) / EPSG:5186,https://safecity.seoul.go.kr/news/acdnt/getAcdntList.do,2026-08-31T10:02:24+09:00,2026-08-31T17:58:37+09:00
f285300249d5b5d2d11acd3cf57588224742d383cbbc2119a5988350a4259e3a,1097354,accident,도로돌발,도로돌발-공사,경인로 (구로역 → 고척교) 3차로 시설물보수,2026-08-31 08:32,,37.5017545,126.8781144,189222.4598452758,444721.6182312011100000,EPSG:4326 (WGS84) / EPSG:5186,https://safecity.seoul.go.kr/news/acdnt/getAcdntList.do,2026-08-31T10:02:24+09:00,2026-08-31T17:58:37+09:00
488ad93755532d6dd15425eda58c149581fe89c33b56d4b0d01e65c06f25d5bb,1097353,accident,도로돌발,도로돌발-공사,올림픽로 (영파여중고교 → 천호사거리) 4차로 시설물보수,2026-08-31 08:31,,37.53498,127.1223418,210813.0787265014,448409.2872680664100000,EPSG:4326 (WGS84) / EPSG:5186,https://safecity.seoul.go.kr/news/acdnt/getAcdntList.do,2026-08-31T10:02:24+09:00,2026-08-31T17:58:37+09:00
772ec867b6f694373f11726814a849e2540860afce37114259ac6b89d914d924,1097352,accident,도로돌발,도로돌발-사고,왕십리로 (성동문화광장 → 왕십리역) 1차로 추돌사고,2026-08-31 08:09,,37.5602703,127.0361911,203197.6412265014,451209.7872680664100000,EPSG:4326 (WGS84) / EPSG:5186,https://safecity.seoul.go.kr/news/acdnt/getAcdntList.do,2026-08-31T10:02:24+09:00,2026-08-31T17:58:37+09:00
7d899a5baeaecd7dae00bb05e0e6d6bd039a4f7728f7fc6044eac3260444f309,1097351,accident,도로돌발,도로돌발-사고,마들로 (한천교 → 녹천중교) 월계2지하차도 2차로 추돌사고,2026-08-31 08:04,,37.6318522,127.0628434,205547.1691729736,459155.8206237793100000,EPSG:4326 (WGS84) / EPSG:5186,https://safecity.seoul.go.kr/news/acdnt/getAcdntList.do,2026-08-31T10:02:24+09:00,2026-08-31T17:58:37+09:00
5332997a347a183f615ee0421210cd4e451242d004924df372d0822cfce6af4a,S0001V1148654584,accident,화재사고,"화재사고-일반화재(일반주택, 근린생활시설 등)",위치 : 성북구 장위로15길 () 일대,2026-08-31 08:03,,37.6165161,127.0445462,203932.89,457452.76,EPSG:4326 (WGS84) / EPSG:5186,https://safecity.seoul.go.kr/news/acdnt/getAcdntList.do,2026-08-31T10:02:24+09:00,2026-08-31T17:58:37+09:00
37729c96789fa5c20e90547fee52bf2829c65d8f9b25639dd5343f7862435b79,1097350,accident,도로돌발,도로돌발-사고,[사고] 동부간선로 성수JC 방향 도봉T입구→도봉T중간 구간 3차로  추돌사고,2026-08-31 07:47,,37.6691735,127.0497046,204385.22,463297.4100000,EPSG:4326 (WGS84) / EPSG:5186,https://safecity.seoul.go.kr/news/acdnt/getAcdntList.do,2026-08-31T10:02:24+09:00,2026-08-31T17:58:37+09:00
0e34867589a0e811ae6aa3f47b186886c0c14de79ba03898ac1b8f206b133f2e,1097349,accident,도로돌발,도로돌발-사고,수도권제1순환고속도로 구리방향 서하남IC 부근 1차로 추돌사고,2026-08-31 07:23,,37.4985237,127.1415382,212515.8286379404,444365.4827619062100000,EPSG:4326 (WGS84) / EPSG:5186,https://safecity.seoul.go.kr/news/acdnt/getAcdntList.do,2026-08-31T10:02:24+09:00,2026-08-31T17:58:37+09:00
a8751b803879c6846dc56b5a82d17cdeabe0eae9ac887ad7c78a2644155f55d2,1097348,accident,도로돌발,도로돌발-공사,동일로 (도봉운전면허시험장 → 온수골사거리) 4차로 시설물보수,2026-08-31 07:02,,37.6595833,127.0592823,205230.8911379404,462233.4827619062100000,EPSG:4326 (WGS84) / EPSG:5186,https://safecity.seoul.go.kr/news/acdnt/getAcdntList.do,2026-08-31T10:02:24+09:00,2026-08-31T17:58:37+09:00
74b145353ebfb0be60b592a8e74ec440c8c6ca5ff278452c6ea841ffba019877,1097347,accident,도로돌발,도로돌발-사고,올림픽대로 김포방향 (한남대교남단 → 반포대교남단) 3차로 추돌사고,2026-08-31 06:59,,37.5234747,127.0157846,201395.323099,447125.425633100000,EPSG:4326 (WGS84) / EPSG:5186,https://safecity.seoul.go.kr/news/acdnt/getAcdntList.do,2026-08-31T10:02:24+09:00,2026-08-31T17:58:37+09:00
b2e0bf3107f25b1d602eea63d09711aceb76e9f5618f39d4df8c60146c4eea14,1097346,accident,도로돌발,도로돌발-사고,"천호대로 (군자역 → 군자교입구) 2,3차로 교통사고",2026-08-31 06:56,,37.5571329,127.079369,207012.885599,450863.925633100000,EPSG:4326 (WGS84) / EPSG:5186,https://safecity.seoul.go.kr/news/acdnt/getAcdntList.do,2026-08-31T10:02:24+09:00,2026-08-31T17:58:37+09:00
27598317d8a6fe28eb0ff6679680182817752fbd52f53cf02ca1e75d3c3f678d,1097345,accident,도로돌발,도로돌발-사고,[사고] 강변북로 일산 방향 성수→동호대교북단 구간 3차로 추돌사고,2026-08-31 06:51,,37.54193,127.0318062,202810.903268,449174.098865100000,EPSG:4326 (WGS84) / EPSG:5186,https://safecity.seoul.go.kr/news/acdnt/getAcdntList.do,2026-08-31T10:02:24+09:00,2026-08-31T17:58:37+09:00
f7acc3d187b2f166af20cf0d4a2095bc40d0c71ceea3fab2ba45d3d230d59321,1097344,accident,도로돌발,도로돌발-기타,북부간선도로 구리방향(종암JC → 하월곡램프) 노면요철 운행주의,2026-08-31 06:05,,37.6043901,127.0450719,203979.948099,456106.925633100000,EPSG:4326 (WGS84) / EPSG:5186,https://safecity.seoul.go.kr/news/acdnt/getAcdntList.do,2026-08-31T10:02:24+09:00,2026-08-31T17:58:37+09:00
e201ba7d43077db45a9440893f3eb6ddf29259efa095d40aafa266ebecaf8463,1097343,accident,도로돌발,도로돌발-사고,[사고] 경부고속도로 신갈 방향 반포IC→서초IC 구간 3차로 추돌사고,2026-08-31 05:53,,37.4851623,127.0252,202228.760599,442873.425633100000,EPSG:4326 (WGS84) / EPSG:5186,https://safecity.seoul.go.kr/news/acdnt/getAcdntList.do,2026-08-31T10:02:24+09:00,2026-08-31T17:58:37+09:00
6d2eb97acb7e7d05a82822544b22319905cdc95b6f725a8306f4fd80ebab5d47,1097342,accident,도로돌발,도로돌발-사고,"[사고] 동부간선로 의정부 방향 성수JC→성동JC 구간 3,4차로 추돌사고",2026-08-31 05:07,,37.5423633,127.0297847,202632.240098,449222.122901100000,EPSG:4326 (WGS84) / EPSG:5186,https://safecity.seoul.go.kr/news/acdnt/getAcdntList.do,2026-08-31T10:02:24+09:00,2026-08-31T17:58:37+09:00
3b173b354fe04d3757a71ce9338493a0bac0294980fc69d7ab78d9c6cbaf9e11,S0001V1148653910,accident,화재사고,"화재사고-일반화재(일반주택, 근린생활시설 등)",위치 : 금천구 시흥대로 () 일대,2026-08-31 03:28,,37.4349275,126.9036512,191472.93,437302.11,EPSG:4326 (WGS84) / EPSG:5186,https://safecity.seoul.go.kr/news/acdnt/getAcdntList.do,2026-08-31T10:02:24+09:00,2026-08-31T17:58:37+09:00
92ba3ef99a97404198ea96031128cca6652835ab3abff5d855ea7b11536ab55f,S0001V1148653901,accident,화재사고,"화재사고-일반화재(일반주택, 근린생활시설 등)",위치 : 마포구 굴레방로9길 () 일대,2026-08-31 03:24,,37.5565952,126.9525593,195808.2,450802.34,EPSG:4326 (WGS84) / EPSG:5186,https://safecity.seoul.go.kr/news/acdnt/getAcdntList.do,2026-08-31T10:02:24+09:00,2026-08-31T17:58:37+09:00
